episode,episode_length,episode_reward,episode_sr,frame,step
2020.0,10.0,-4.2,1.0,20200,20200.0
2030.0,10.0,-5.633333333333334,0.8666666666666667,20300,20300.0
2040.0,10.0,-4.066666666666666,1.0,20400,20400.0
2050.0,10.0,-4.633333333333334,0.9,20500,20500.0
2060.0,10.0,-4.133333333333334,1.0,20600,20600.0
2070.0,10.0,-4.2,1.0,20700,20700.0
2080.0,10.0,-4.666666666666667,0.9666666666666667,20800,20800.0
2090.0,10.0,-4.9,1.0,20900,20900.0
