episode,episode_length,episode_reward,episode_sr,frame,step
3020.0,10.0,-5.166666666666667,0.8666666666666667,30200,30200.0
3030.0,10.0,-6.033333333333333,0.7666666666666667,30300,30300.0
3040.0,10.0,-4.533333333333333,0.9333333333333333,30400,30400.0
3050.0,10.0,-4.566666666666666,0.9666666666666667,30500,30500.0
3060.0,10.0,-4.333333333333333,0.9333333333333333,30600,30600.0
3070.0,10.0,-3.933333333333333,0.9666666666666667,30700,30700.0
3080.0,10.0,-4.5,0.9333333333333333,30800,30800.0
3090.0,10.0,-4.733333333333333,0.9333333333333333,30900,30900.0
